line,stanza,line_number
"FROM the besieged Ardea all in post,",1,1
"Borne by the trustless wings of false desire,",1,2
"Lust-breathed Tarquin leaves the Roman host,",1,3
And to Collatium bears the lightless fire,1,4
"Which, in pale embers hid, lurks to aspire",1,5
And girdle with embracing flames the waist,1,6
"Of Collatine's fair love, Lucrece the chaste.",1,7
Haply that name of 'chaste' unhappily set,2,8
This bateless edge on his keen appetite;,2,9
When Collatine unwisely did not let,2,10
To praise the clear unmatched red and white,2,11
"Which triumph'd in that sky of his delight,",2,12
"Where mortal stars, as bright as heaven's beauties,",2,13
With pure aspects did him peculiar duties.,2,14
"For he the night before, in Tarquin's tent,",3,15
Unlock'd the treasure of his happy state;,3,16
What priceless wealth the heavens had him lent,3,17
In the possession of his beauteous mate;,3,18
"Reckoning his fortune at such high-proud rate,",3,19
"That kings might be espoused to more fame,",3,20
But king nor peer to such a peerless dame.,3,21
O happiness enjoy'd but of a few!,4,22
"And, if possess'd, as soon decay'd and done",4,23
As is the morning's silver-melting dew,4,24
Against the golden splendor of the sun!,4,25
"An expired date, cancell'd ere well begun:",4,26
"Honour and beauty, in the owner's arms,",4,27
Are weakly fortress'd from a world of harms.,4,28
Beauty itself doth of itself persuade,5,29
The eyes of men without an orator;,5,30
"What needeth then apologies be made,",5,31
To set forth that which is so singular?,5,32
Or why is Collatine the publisher,5,33
Of that rich jewel he should keep unknown,5,34
"From thievish ears, because it is his own?",5,35
Perchance his boast of Lucrece' sovereignty,6,36
Suggested this proud issue of a king;,6,37
For by our ears our hearts oft tainted be:,6,38
"Perchance that envy of so rich a thing,",6,39
"Braving compare, disdainfully did sting",6,40
"His high-pitch'd thoughts, that meaner men should vaunt",6,41
That golden hap which their superiors want.,6,42
But some untimely thought did instigate,7,43
"His all-too-timeless speed, if none of those:",7,44
"His honour, his affairs, his friends, his state,",7,45
"Neglected all, with swift intent he goes",7,46
To quench the coal which in his liver glows.,7,47
"O rash false heat, wrapp'd in repentant cold,",7,48
"Thy hasty spring still blasts, and ne'er grows old!",7,49
"When at Collatium this false lord arrived,",8,50
"Well was he welcomed by the Roman dame,",8,51
Within whose face beauty and virtue strived,8,52
Which of them both should underprop her fame:,8,53
"When virtue bragg'd, beauty would blush for shame;",8,54
"When beauty boasted blushes, in despite",8,55
Virtue would stain that o'er with silver white.,8,56
"But beauty, in that white intituled,",9,57
From Venus' doves doth challenge that fair field:,9,58
"Then virtue claims from beauty beauty's red,",9,59
Which virtue gave the golden age to gild,9,60
"Their silver cheeks, and call'd it then their shield;",9,61
"Teaching them thus to use it in the fight,",9,62
"When shame assail'd, the red should fence the white.",9,63
"This heraldry in Lucrece' face was seen,",10,64
Argued by beauty's red and virtue's white,10,65
"Of either's colour was the other queen,",10,66
Proving from world's minority their right:,10,67
Yet their ambition makes them still to fight;,10,68
"The sovereignty of either being so great,",10,69
That oft they interchange each other's seat.,10,70
"Their silent war of lilies and of roses,",11,71
"Which Tarquin view'd in her fair face's field,",11,72
In their pure ranks his traitor eye encloses;,11,73
"Where, lest between them both it should be kill'd,",11,74
The coward captive vanquished doth yield,11,75
"To those two armies that would let him go,",11,76
Rather than triumph in so false a foe.,11,77
"Now thinks he that her husband's shallow tongue,--",12,78
"The niggard prodigal that praised her so,--",12,79
"In that high task hath done her beauty wrong,",12,80
Which far exceeds his barren skill to show:,12,81
Therefore that praise which Collatine doth owe,12,82
"Enchanted Tarquin answers with surmise,",12,83
In silent wonder of still-gazing eyes.,12,84
"This earthly saint, adored by this devil,",13,85
Little suspecteth the false worshipper;,13,86
For unstain'd thoughts do seldom dream on evil;,13,87
Birds never limed no secret bushes fear:,13,88
So guiltless she securely gives good cheer,13,89
"And reverend welcome to her princely guest,",13,90
Whose inward ill no outward harm express'd:,13,91
"For that he colour'd with his high estate,",14,92
Hiding base sin in plaits of majesty;,14,93
"That nothing in him seem'd inordinate,",14,94
"Save something too much wonder of his eye,",14,95
"Which, having all, all could not satisfy;",14,96
"But, poorly rich, so wanteth in his store,",14,97
"That, cloy'd with much, he pineth still for more.",14,98
"But she, that never coped with stranger eyes,",15,99
"Could pick no meaning from their parling looks,",15,100
Nor read the subtle-shining secrecies,15,101
Writ in the glassy margents of such books:,15,102
"She touch'd no unknown baits, nor fear'd no hooks;",15,103
"Nor could she moralize his wanton sight,",15,104
More than his eyes were open'd to the light.,15,105
"He stories to her ears her husband's fame,",16,106
Won in the fields of fruitful Italy;,16,107
"And decks with praises Collatine's high name,",16,108
Made glorious by his manly chivalry,16,109
With bruised arms and wreaths of victory:,16,110
"Her joy with heaved-up hand she doth express,",16,111
"And, wordless, so greets heaven for his success.",16,112
"Far from the purpose of his coming hither,",17,113
He makes excuses for his being there:,17,114
No cloudy show of stormy blustering weather,17,115
Doth yet in his fair welkin once appear;,17,116
"Till sable Night, mother of Dread and Fear,",17,117
"Upon the world dim darkness doth display,",17,118
And in her vaulty prison stows the Day.,17,119
"For then is Tarquin brought unto his bed,",18,120
Intending weariness with heavy spright;,18,121
"For, after supper, long he questioned",18,122
"With modest Lucrece, and wore out the night:",18,123
Now leaden slumber with life's strength doth fight;,18,124
"And every one to rest themselves betake,",18,125
"Save thieves, and cares, and troubled minds, that wake.",18,126
As one of which doth Tarquin lie revolving,19,127
The sundry dangers of his will's obtaining;,19,128
"Yet ever to obtain his will resolving,",19,129
Though weak-built hopes persuade him to abstaining:,19,130
Despair to gain doth traffic oft for gaining;,19,131
"And when great treasure is the meed proposed,",19,132
"Though death be adjunct, there's no death supposed.",19,133
"Those that much covet are with gain so fond,",20,134
"For what they have not, that which they possess",20,135
"They scatter and unloose it from their bond,",20,136
"And so, by hoping more, they have but less;",20,137
"Or, gaining more, the profit of excess",20,138
"Is but to surfeit, and such griefs sustain,",20,139
That they prove bankrupt in this poor-rich gain.,20,140
The aim of all is but to nurse the life,21,141
"With honour, wealth, and ease, in waning age;",21,142
"And in this aim there is such thwarting strife,",21,143
"That one for all, or all for one we gage;",21,144
As life for honour in fell battle's rage;,21,145
Honour for wealth; and oft that wealth doth cost,21,146
"The death of all, and all together lost.",21,147
So that in venturing ill we leave to be,22,148
The things we are for that which we expect;,22,149
"And this ambitious foul infirmity,",22,150
"In having much, torments us with defect",22,151
Of that we have: so then we do neglect,22,152
"The thing we have; and, all for want of wit,",22,153
Make something nothing by augmenting it.,22,154
"Such hazard now must doting Tarquin make,",23,155
Pawning his honour to obtain his lust;,23,156
And for himself himself be must forsake:,23,157
"Then where is truth, if there be no self-trust?",23,158
"When shall he think to find a stranger just,",23,159
"When he himself himself confounds, betrays",23,160
To slanderous tongues and wretched hateful days?,23,161
"Now stole upon the time the dead of night,",24,162
When heavy sleep had closed up mortal eyes:,24,163
"No comfortable star did lend his light,",24,164
No noise but owls' and wolves' death-boding cries;,24,165
Now serves the season that they may surprise,24,166
"The silly lambs: pure thoughts are dead and still,",24,167
While lust and murder wake to stain and kill.,24,168
"And now this lustful lord leap'd from his bed,",25,169
Throwing his mantle rudely o'er his arm;,25,170
Is madly toss'd between desire and dread;,25,171
"Th' one sweetly flatters, th' other feareth harm;",25,172
"But honest fear, bewitch'd with lust's foul charm,",25,173
"Doth too too oft betake him to retire,",25,174
Beaten away by brain-sick rude desire.,25,175
"His falchion on a flint he softly smiteth,",26,176
That from the cold stone sparks of fire do fly;,26,177
"Whereat a waxen torch forthwith he lighteth,",26,178
Which must be lode-star to his lustful eye;,26,179
"And to the flame thus speaks advisedly,",26,180
"'As from this cold flint I enforced this fire,",26,181
So Lucrece must I force to my desire.',26,182
Here pale with fear he doth premeditate,27,183
"The dangers of his loathsome enterprise,",27,184
And in his inward mind he doth debate,27,185
What following sorrow may on this arise:,27,186
"Then looking scornfully, he doth despise",27,187
"His naked armour of still-slaughter'd lust,",27,188
And justly thus controls his thoughts unjust:,27,189
"'Fair torch, burn out thy light, and lend it not",28,190
To darken her whose light excelleth thine:,28,191
"And die, unhallow'd thoughts, before you blot",28,192
With your uncleanness that which is divine;,28,193
Offer pure incense to so pure a shrine:,28,194
Let fair humanity abhor the deed,28,195
That spots and stains love's modest snow-white weed.,28,196
'O shame to knighthood and to shining arms!,29,197
O foul dishonour to my household's grave!,29,198
"O impious act, including all foul harms!",29,199
A martial man to be soft fancy's slave!,29,200
True valour still a true respect should have;,29,201
"Then my digression is so vile, so base,",29,202
That it will live engraven in my face.,29,203
"'Yea, though I die, the scandal will survive,",30,204
And be an eye-sore in my golden coat;,30,205
"Some loathsome dash the herald will contrive,",30,206
To cipher me how fondly I did dote;,30,207
"That my posterity, shamed with the note",30,208
"Shall curse my bones, and hold it for no sin",30,209
To wish that I their father had not bin.,30,210
"'What win I, if I gain the thing I seek?",31,211
"A dream, a breath, a froth of fleeting joy.",31,212
Who buys a minute's mirth to wail a week?,31,213
Or sells eternity to get a toy?,31,214
For one sweet grape who will the vine destroy?,31,215
"Or what fond beggar, but to touch the crown,",31,216
Would with the sceptre straight be strucken down?,31,217
"'If Collatinus dream of my intent,",32,218
"Will he not wake, and in a desperate rage",32,219
"Post hither, this vile purpose to prevent?",32,220
"This siege that hath engirt his marriage,",32,221
"This blur to youth, this sorrow to the sage,",32,222
"This dying virtue, this surviving shame,",32,223
Whose crime will bear an ever-during blame?,32,224
"'O, what excuse can my invention make,",33,225
When thou shalt charge me with so black a deed?,33,226
"Will not my tongue be mute, my frail joints shake,",33,227
"Mine eyes forego their light, my false heart bleed?",33,228
"The guilt being great, the fear doth still exceed;",33,229
"And extreme fear can neither fight nor fly,",33,230
But coward-like with trembling terror die.,33,231
"'Had Collatinus kill'd my son or sire,",35,232
"Or lain in ambush to betray my life,",35,233
"Or were he not my dear friend, this desire",35,234
"Might have excuse to work upon his wife,",35,235
As in revenge or quittal of such strife:,35,236
"But as he is my kinsman, my dear friend,",35,237
The shame and fault finds no excuse nor end.,35,238
"'Shameful it is; ay, if the fact be known:",36,239
Hateful it is; there is no hate in loving:,36,240
I'll beg her love; but she is own:,36,241
The worst is but denial and reproving:,36,242
"My will is strong, past reason's weak removing.",36,243
Who fears a sentence or an old man's saw,36,244
Shall by a painted cloth be kept in awe.',36,245
"Thus, graceless, holds he disputation",37,246
"'Tween frozen conscience and hot-burning will,",37,247
"And with good thoughts make dispensation,",37,248
Urging the worser sense for vantage still;,37,249
Which in a moment doth confound and kill,37,250
"All pure effects, and doth so far proceed,",37,251
That what is vile shows like a virtuous deed.,37,252
"Quoth he, 'She took me kindly by the hand,",38,253
"And gazed for tidings in my eager eyes,",38,254
"Fearing some hard news from the warlike band,",38,255
Where her beloved Collatinus lies.,38,256
"O, how her fear did make her colour rise!",38,257
"First red as roses that on lawn we lay,",38,258
"Then white as lawn, the roses took away.",38,259
"'And how her hand, in my hand being lock'd",39,260
Forced it to tremble with her loyal fear!,39,261
"Which struck her sad, and then it faster rock'd,",39,262
Until her husband's welfare she did hear;,39,263
"Whereat she smiled with so sweet a cheer,",39,264
"That had Narcissus seen her as she stood,",39,265
Self-love had never drown'd him in the flood.,39,266
'Why hunt I then for colour or excuses?,40,267
All orators are dumb when beauty pleadeth;,40,268
Poor wretches have remorse in poor abuses;,40,269
Love thrives not in the heart that shadows dreadeth:,40,270
"Affection is my captain, and he leadeth;",40,271
"And when his gaudy banner is display'd,",40,272
The coward fights and will not be dismay'd.,40,273
"'Then, childish fear, avaunt! debating, die!",41,274
"Respect and reason, wait on wrinkled age!",41,275
My heart shall never countermand mine eye:,41,276
Sad pause and deep regard beseem the sage;,41,277
"My part is youth, and beats these from the stage:",41,278
"Desire my pilot is, beauty my prize;",41,279
Then who fears sinking where such treasure lies?',41,280
"As corn o'ergrown by weeds, so heedful fear",42,281
Is almost choked by unresisted lust.,42,282
"Away he steals with open listening ear,",42,283
Full of foul hope and full of fond mistrust;,42,284
"Both which, as servitors to the unjust,",42,285
"So cross him with their opposite persuasion,",42,286
"That now he vows a league, and now invasion.",42,287
"Within his thought her heavenly image sits,",43,288
And in the self-same seat sits Collatine:,43,289
That eye which looks on her confounds his wits;,43,290
"That eye which him beholds, as more divine,",43,291
Unto a view so false will not incline;,43,292
"But with a pure appeal seeks to the heart,",43,293
Which once corrupted takes the worser part;,43,294
"And therein heartens up his servile powers,",44,295
"Who, flatter'd by their leader's jocund show,",44,296
"Stuff up his lust, as minutes fill up hours;",44,297
"And as their captain, so their pride doth grow,",44,298
Paying more slavish tribute than they owe.,44,299
"By reprobate desire thus madly led,",44,300
The Roman lord marcheth to Lucrece' bed.,44,301
"The locks between her chamber and his will,",45,302
"Each one by him enforced, retires his ward;",45,303
"But, as they open, they all rate his ill,",45,304
Which drives the creeping thief to some regard:,45,305
The threshold grates the door to have him heard;,45,306
Night-wandering weasels shriek to see him there;,45,307
"They fright him, yet he still pursues his fear.",45,308
"As each unwilling portal yields him way,",46,309
Through little vents and crannies of the place,46,310
"The wind wars with his torch to make him stay,",46,311
"And blows the smoke of it into his face,",46,312
Extinguishing his conduct in this case;,46,313
"But his hot heart, which fond desire doth scorch,",46,314
Puffs forth another wind that fires the torch:,46,315
"And being lighted, by the light he spies",47,316
"Lucretia's glove, wherein her needle sticks:",47,317
"He takes it from the rushes where it lies,",47,318
"And griping it, the needle his finger pricks;",47,319
As who should say 'This glove to wanton tricks,47,320
Is not inured; return again in haste;,47,321
Thou see'st our mistress' ornaments are chaste.',47,322
But all these poor forbiddings could not stay him;,48,323
He in the worst sense construes their denial:,48,324
"The doors, the wind, the glove, that did delay him,",48,325
He takes for accidental things of trial;,48,326
"Or as those bars which stop the hourly dial,",48,327
"Who with a lingering slay his course doth let,",48,328
Till every minute pays the hour his debt.,48,329
"'So, so,' quoth he, 'these lets attend the time,",49,330
"Like little frosts that sometime threat the spring,",49,331
"To add a more rejoicing to the prime,",49,332
And give the sneaped birds more cause to sing.,49,333
Pain pays the income of each precious thing;,49,334
"Huge rocks, high winds, strong pirates, shelves and sands,",49,335
"The merchant fears, ere rich at home he lands.'",49,336
"Now is he come unto the chamber-door,",50,337
"That shuts him from the heaven of his thought,",50,338
"Which with a yielding latch, and with no more,",50,339
Hath barr'd him from the blessed thing be sought.,50,340
"So from himself impiety hath wrought,",50,341
"That for his prey to pray he doth begin,",50,342
As if the heavens should countenance his sin.,50,343
"But in the midst of his unfruitful prayer,",51,344
Having solicited th' eternal power,51,345
"That his foul thoughts might compass his fair fair,",51,346
"And they would stand auspicious to the hour,",51,347
"Even there he starts: quoth he, 'I must deflower:",51,348
"The powers to whom I pray abhor this fact,",51,349
How can they then assist me in the act?,51,350
"'Then Love and Fortune be my gods, my guide!",52,351
My will is back'd with resolution:,52,352
Thoughts are but dreams till their effects be tried;,52,353
The blackest sin is clear'd with absolution;,52,354
Against love's fire fear's frost hath dissolution.,52,355
"The eye of heaven is out, and misty night",52,356
Covers the shame that follows sweet delight.',52,357
"This said, his guilty hand pluck'd up the latch,",53,358
And with his knee the door he opens wide.,53,359
The dove sleeps fast that this night-owl will catch:,53,360
Thus treason works ere traitors be espied.,53,361
Who sees the lurking serpent steps aside;,53,362
"But she, sound sleeping, fearing no such thing,",53,363
Lies at the mercy of his mortal sting.,53,364
"Into the chamber wickedly he stalks,",54,365
And gazeth on her yet unstained bed.,54,366
"The curtains being close, about he walks,",54,367
Rolling his greedy eyeballs in his head:,54,368
By their high treason is his heart misled;,54,369
Which gives the watch-word to his hand full soon,54,370
To draw the cloud that hides the silver moon.,54,371
"Look, as the fair and fiery-pointed sun,",55,372
"Rushing from forth a cloud, bereaves our sight;",55,373
"Even so, the curtain drawn, his eyes begun",55,374
"To wink, being blinded with a greater light:",55,375
"Whether it is that she reflects so bright,",55,376
"That dazzleth them, or else some shame supposed;",55,377
"But blind they are, and keep themselves enclosed.",55,378
"O, had they in that darksome prison died!",56,379
Then had they seen the period of their ill;,56,380
"Then Collatine again, by Lucrece' side,",56,381
In his clear bed might have reposed still:,56,382
"But they must ope, this blessed league to kill;",56,383
And holy-thoughted Lucrece to their sight,56,384
"Must sell her joy, her life, her world's delight.",56,385
"Her lily hand her rosy cheek lies under,",57,386
Cozening the pillow of a lawful kiss;,57,387
"Who, therefore angry, seems to part in sunder,",57,388
Swelling on either side to want his bliss;,57,389
Between whose hills her head entombed is:,57,390
"Where, like a virtuous monument, she lies,",57,391
To be admired of lewd unhallow'd eyes.,57,392
"Without the bed her other fair hand was,",58,393
On the green coverlet; whose perfect white,58,394
"Show'd like an April daisy on the grass,",58,395
"With pearly sweat, resembling dew of night.",58,396
"Her eyes, like marigolds, had sheathed their light,",58,397
"And canopied in darkness sweetly lay,",58,398
Till they might open to adorn the day.,58,399
"Her hair, like golden threads, play'd with her breath;",59,400
O modest wantons! wanton modesty!,59,401
"Showing life's triumph in the map of death,",59,402
And death's dim look in life's mortality:,59,403
"Each in her sleep themselves so beautify,",59,404
"As if between them twain there were no strife,",59,405
"But that life lived in death, and death in life.",59,406
"Her breasts, like ivory globes circled with blue,",60,407
"A pair of maiden worlds unconquered,",60,408
"Save of their lord no bearing yoke they knew,",60,409
And him by oath they truly honoured.,60,410
These worlds in Tarquin new ambition bred;,60,411
"Who, like a foul ursurper, went about",60,412
From this fair throne to heave the owner out.,60,413
What could he see but mightily he noted?,61,414
What did he note but strongly he desired?,61,415
"What he beheld, on that he firmly doted,",61,416
And in his will his wilful eye he tired.,61,417
With more than admiration he admired,61,418
"Her azure veins, her alabaster skin,",61,419
"Her coral lips, her snow-white dimpled chin.",61,420
"As the grim lion fawneth o'er his prey,",62,421
"Sharp hunger by the conquest satisfied,",62,422
"So o'er this sleeping soul doth Tarquin stay,",62,423
His rage of lust by gazing qualified;,62,424
"Slack'd, not suppress'd; for standing by her side,",62,425
"His eye, which late this mutiny restrains,",62,426
Unto a greater uproar tempts his veins:,62,427
"And they, like straggling slaves for pillage fighting,",63,428
"Obdurate vassals fell exploits effecting,",63,429
"In bloody death and ravishment delighting,",63,430
"Nor children's tears nor mothers' groans respecting,",63,431
"Swell in their pride, the onset still expecting:",63,432
"Anon his beating heart, alarum striking,",63,433
Gives the hot charge and bids them do their liking.,63,434
"His drumming heart cheers up his burning eye,",64,435
His eye commends the leading to his hand;,64,436
"His hand, as proud of such a dignity,",64,437
"Smoking with pride, march'd on to make his stand",64,438
"On her bare breast, the heart of all her land;",64,439
"Whose ranks of blue veins, as his hand did scale,",64,440
Left there round turrets destitute and pale.,64,441
"They, mustering to the quiet cabinet",65,442
"Where their dear governess and lady lies,",65,443
"Do tell her she is dreadfully beset,",65,444
And fright her with confusion of their cries:,65,445
"She, much amazed, breaks ope her lock'd-up eyes,",65,446
"Who, peeping forth this tumult to behold,",65,447
Are by his flaming torch dimm'd and controll'd.,65,448
Imagine her as one in dead of night,66,449
"From forth dull sleep by dreadful fancy waking,",66,450
"That thinks she hath beheld some ghastly sprite,",66,451
Whose grim aspect sets every joint a-shaking;,66,452
"What terror or 'tis! but she, in worser taking,",66,453
"From sleep disturbed, heedfully doth view",66,454
The sight which makes supposed terror true.,66,455
"Wrapp'd and confounded in a thousand fears,",67,456
Like to a new-kill'd bird she trembling lies;,67,457
"She dares not look; yet, winking, there appears",67,458
"Quick-shifting antics, ugly in her eyes:",67,459
Such shadows are the weak brain's forgeries;,67,460
"Who, angry that the eyes fly from their lights,",67,461
In darkness daunts them with more dreadful sights.,67,462
"His hand, that yet remains upon her breast,--",68,463
"Rude ram, to batter such an ivory wall!--",68,464
"May feel her heart-poor citizen!--distress'd,",68,465
"Wounding itself to death, rise up and fall,",68,466
"Beating her bulk, that his hand shakes withal.",68,467
"This moves in him more rage and lesser pity,",68,468
To make the breach and enter this sweet city.,68,469
"First, like a trumpet, doth his tongue begin",69,470
To sound a parley to his heartless foe;,69,471
"Who o'er the white sheet peers her whiter chin,",69,472
"The reason of this rash alarm to know,",69,473
Which he by dumb demeanor seeks to show;,69,474
But she with vehement prayers urgeth still,69,475
Under what colour he commits this ill.,69,476
"Thus he replies: 'The colour in thy face,",70,477
"That even for anger makes the lily pale,",70,478
"And the red rose blush at her own disgrace,",70,479
Shall plead for me and tell my loving tale:,70,480
Under that colour am I come to scale,70,481
"Thy never-conquer'd fort: the fault is thine,",70,482
For those thine eyes betray thee unto mine.,70,483
"'Thus I forestall thee, if thou mean to chide:",71,484
"Thy beauty hath ensnared thee to this night,",71,485
Where thou with patience must my will abide;,71,486
"My will that marks thee for my earth's delight,",71,487
Which I to conquer sought with all my might;,71,488
"But as reproof and reason beat it dead,",71,489
By thy bright beauty was it newly bred.,71,490
'I see what crosses my attempt will bring;,72,491
I know what thorns the growing rose defends;,72,492
I think the honey guarded with a sting;,72,493
All this beforehand counsel comprehends:,72,494
But will is deaf and hears no heedful friends;,72,495
"Only he hath an eye to gaze on beauty,",72,496
"And dotes on what he looks, 'gainst law or duty.",72,497
"'I have debated, even in my soul,",73,498
"What wrong, what shame, what sorrow I shall breed;",73,499
"But nothing can affection's course control,",73,500
Or stop the headlong fury of his speed.,73,501
"I know repentant tears ensue the deed,",73,502
"Reproach, disdain, and deadly enmity;",73,503
Yet strive I to embrace mine infamy.',73,504
"This said, he shakes aloft his Roman blade,",74,505
"Which, like a falcon towering in the skies,",74,506
"Coucheth the fowl below with his wings' shade,",74,507
Whose crooked beak threats if he mount he dies:,74,508
So under his insulting falchion lies,74,509
"Harmless Lucretia, marking what he tells",74,510
"With trembling fear, as fowl hear falcon's bells.",74,511
"'Lucrece,' quoth he,'this night I must enjoy thee:",75,512
"If thou deny, then force must work my way,",75,513
For in thy bed I purpose to destroy thee:,75,514
"That done, some worthless slave of thine I'll slay,",75,515
To kill thine honour with thy life's decay;,75,516
"And in thy dead arms do I mean to place him,",75,517
"Swearing I slew him, seeing thee embrace him.",75,518
'So thy surviving husband shall remain,76,519
The scornful mark of every open eye;,76,520
"Thy kinsmen hang their heads at this disdain,",76,521
Thy issue blurr'd with nameless bastardy:,76,522
"And thou, the author of their obloquy,",76,523
"Shalt have thy trespass cited up in rhymes,",76,524
And sung by children in succeeding times.,76,525
"'But if thou yield, I rest thy secret friend:",77,526
The fault unknown is as a thought unacted;,77,527
A little harm done to a great good end,77,528
For lawful policy remains enacted.,77,529
The poisonous simple sometimes is compacted,77,530
"In a pure compound; being so applied,",77,531
His venom in effect is purified.,77,532
"'Then, for thy husband and thy children's sake,",78,533
Tender my suit: bequeath not to their lot,78,534
"The shame that from them no device can take,",78,535
The blemish that will never be forgot;,78,536
Worse than a slavish wipe or birth-hour's blot:,78,537
For marks descried in men's nativity,78,538
"Are nature's faults, not their own infamy.'",78,539
Here with a cockatrice' dead-killing eye,79,540
He rouseth up himself and makes a pause;,79,541
"While she, the picture of pure piety,",79,542
"Like a white hind under the gripe's sharp claws,",79,543
"Pleads, in a wilderness where are no laws,",79,544
"To the rough beast that knows no gentle right,",79,545
Nor aught obeys but his foul appetite.,79,546
"But when a black-faced cloud the world doth threat,",80,547
"In his dim mist the aspiring mountains hiding,",80,548
"From earth's dark womb some gentle gust doth get,",80,549
"Which blows these pitchy vapours from their bidding,",80,550
Hindering their present fall by this dividing;,80,551
"So his unhallow'd haste her words delays,",80,552
And moody Pluto winks while Orpheus plays.,80,553
"Yet, foul night-waking cat, he doth but dally,",81,554
While in his hold-fast foot the weak mouse panteth:,81,555
"Her sad behavior feeds his vulture folly,",81,556
A swallowing gulf that even in plenty wanteth:,81,557
"His ear her prayers admits, but his heart granteth",81,558
No penetrable entrance to her plaining:,81,559
"Tears harden lust, though marble wear with raining.",81,560
Her pity-pleading eyes are sadly fix'd,82,561
In the remorseless wrinkles of his face;,82,562
"Her modest eloquence with sighs is mix'd,",82,563
Which to her oratory adds more grace.,82,564
She puts the period often from his place;,82,565
"And midst the sentence so her accent breaks,",82,566
That twice she doth begin ere once she speaks.,82,567
"She conjures him by high almighty Jove,",83,568
"By knighthood, gentry, and sweet friendship's oath,",83,569
"By her untimely tears, her husband's love,",83,570
"By holy human law, and common troth,",83,571
"By heaven and earth, and all the power of both,",83,572
"That to his borrow'd bed he make retire,",83,573
"And stoop to honour, not to foul desire.",83,574
"Quoth she, 'Reward not hospitality",84,575
With such black payment as thou hast pretended;,84,576
Mud not the fountain that gave drink to thee;,84,577
Mar not the thing that cannot be amended;,84,578
End thy ill aim before thy shoot be ended;,84,579
He is no woodman that doth bend his bow,84,580
To strike a poor unseasonable doe.,84,581
'My husband is thy friend; for his sake spare me:,85,582
Thyself art mighty; for thine own sake leave me:,85,583
Myself a weakling; do not then ensnare me:,85,584
Thou look'st not like deceit; do not deceive me.,85,585
"My sighs, like whirlwinds, labour hence to heave thee:",85,586
"If ever man were moved with woman moans,",85,587
"Be moved with my tears, my sighs, my groans:",85,588
"'All which together, like a troubled ocean,",86,589
"Beat at thy rocky and wreck-threatening heart,",86,590
To soften it with their continual motion;,86,591
For stones dissolved to water do convert.,86,592
"O, if no harder than a stone thou art,",86,593
"Melt at my tears, and be compassionate!",86,594
Soft pity enters at an iron gate.,86,595
'In Tarquin's likeness I did entertain thee:,87,596
Hast thou put on his shape to do him shame?,87,597
"To all the host of heaven I complain me,",87,598
"Thou wrong'st his honour, wound'st his princely name.",87,599
"Thou art not what thou seem'st; and if the same,",87,600
"Thou seem'st not what thou art, a god, a king;",87,601
For kings like gods should govern everything.,87,602
"'How will thy shame be seeded in thine age,",88,603
When thus thy vices bud before thy spring!,88,604
"If in thy hope thou darest do such outrage,",88,605
What darest thou not when once thou art a king?,88,606
"O, be remember'd, no outrageous thing",88,607
From vassal actors can be wiped away;,88,608
Then kings' misdeeds cannot be hid in clay.,88,609
'This deed will make thee only loved for fear;,89,610
But happy monarchs still are fear'd for love:,89,611
"With foul offenders thou perforce must bear,",89,612
When they in thee the like offences prove:,89,613
"If but for fear of this, thy will remove;",89,614
"For princes are the glass, the school, the book,",89,615
"Where subjects' eyes do learn, do read, do look.",89,616
'And wilt thou be the school where Lust shall learn?,90,617
Must he in thee read lectures of such shame?,90,618
Wilt thou be glass wherein it shall discern,90,619
"Authority for sin, warrant for blame,",90,620
To privilege dishonour in thy name?,90,621
"Thou black'st reproach against long-living laud,",90,622
And makest fair reputation but a bawd.,90,623
"'Hast thou command? by him that gave it thee,",91,624
From a pure heart command thy rebel will:,91,625
"Draw not thy sword to guard iniquity,",91,626
For it was lent thee all that brood to kill.,91,627
"Thy princely office how canst thou fulfil,",91,628
"When, pattern'd by thy fault, foul sin may say,",91,629
"He learn'd to sin, and thou didst teach the way?",91,630
"'Think but how vile a spectacle it were,",92,631
To view thy present trespass in another.,92,632
Men's faults do seldom to themselves appear;,92,633
Their own transgressions partially they smother:,92,634
This guilt would seem death-worthy in thy brother.,92,635
"O, how are they wrapp'd in with infamies",92,636
That from their own misdeeds askance their eyes!,92,637
"'To thee, to thee, my heaved-up hands appeal,",93,638
"Not to seducing lust, thy rash relier:",93,639
I sue for exiled majesty's repeal;,93,640
"Let him return, and flattering thoughts retire:",93,641
"His true respect will prison false desire,",93,642
"And wipe the dim mist from thy doting eyne,",93,643
That thou shalt see thy state and pity mine.',93,644
"'Have done,' quoth he: 'my uncontrolled tide",94,645
"Turns not, but swells the higher by this let.",94,646
"Small lights are soon blown out, huge fires abide,",94,647
And with the wind in greater fury fret:,94,648
The petty streams that pay a daily debt,94,649
"To their salt sovereign, with their fresh falls' haste",94,650
"Add to his flow, but alter not his taste.'",94,651
"'Thou art,' quoth she, 'a sea, a sovereign king;",95,652
"And, lo, there falls into thy boundless flood",95,653
"Black lust, dishonour, shame, misgoverning,",95,654
Who seek to stain the ocean of thy blood.,95,655
"If all these pretty ills shall change thy good,",95,656
"Thy sea within a puddle's womb is hearsed,",95,657
And not the puddle in thy sea dispersed.,95,658
"'So shall these slaves be king, and thou their slave;",96,659
"Thou nobly base, they basely dignified;",96,660
"Thou their fair life, and they thy fouler grave:",96,661
"Thou loathed in their shame, they in thy pride:",96,662
The lesser thing should not the greater hide;,96,663
"The cedar stoops not to the base shrub's foot,",96,664
But low shrubs wither at the cedar's root.,96,665
"'So let thy thoughts, low vassals to thy state'--",97,666
"No more,' quoth he; 'by heaven, I will not hear thee:",97,667
"Yield to my love; if not, enforced hate,",97,668
"Instead of love's coy touch, shall rudely tear thee;",97,669
"That done, despitefully I mean to bear thee",97,670
"Unto the base bed of some rascal groom,",97,671
To be thy partner in this shameful doom.',97,672
"This said, he sets his foot upon the light,",98,673
For light and lust are deadly enemies:,98,674
"Shame folded up in blind concealing night,",98,675
"When most unseen, then most doth tyrannize.",98,676
"The wolf hath seized his prey, the poor lamb cries;",98,677
Till with her own white fleece her voice controll'd,98,678
Entombs her outcry in her lips' sweet fold:,98,679
For with the nightly linen that she wears,99,680
He pens her piteous clamours in her head;,99,681
Cooling his hot face in the chastest tears,99,682
That ever modest eyes with sorrow shed.,99,683
"O, that prone lust should stain so pure a bed!",99,684
"The spots whereof could weeping purify,",99,685
Her tears should drop on them perpetually.,99,686
"But she hath lost a dearer thing than life,",100,687
And he hath won what he would lose again:,100,688
This forced league doth force a further strife;,100,689
This momentary joy breeds months of pain;,100,690
This hot desire converts to cold disdain:,100,691
"Pure Chastity is rifled of her store,",100,692
"And Lust, the thief, far poorer than before.",100,693
"Look, as the full-fed hound or gorged hawk,",101,694
"Unapt for tender smell or speedy flight,",101,695
"Make slow pursuit, or altogether balk",101,696
The prey wherein by nature they delight;,101,697
So surfeit-taking Tarquin fares this night:,101,698
"His taste delicious, in digestion souring,",101,699
"Devours his will, that lived by foul devouring.",101,700
"O, deeper sin than bottomless conceit",102,701
Can comprehend in still imagination!,102,702
"Drunken Desire must vomit his receipt,",102,703
Ere he can see his own abomination.,102,704
"While Lust is in his pride, no exclamation",102,705
"Can curb his heat or rein his rash desire,",102,706
Till like a jade Self-will himself doth tire.,102,707
"And then with lank and lean discolour'd cheek,",103,708
"With heavy eye, knit brow, and strengthless pace,",103,709
"Feeble Desire, all recreant, poor, and meek,",103,710
Like to a bankrupt beggar wails his case:,103,711
"The flesh being proud, Desire doth fight with Grace,",103,712
"For there it revels; and when that decays,",103,713
The guilty rebel for remission prays.,103,714
"So fares it with this faultful lord of Rome,",104,715
Who this accomplishment so hotly chased;,104,716
"For now against himself he sounds this doom,",104,717
That through the length of times he stands disgraced:,104,718
"Besides, his soul's fair temple is defaced;",104,719
"To whose weak ruins muster troops of cares,",104,720
To ask the spotted princess how she fares.,104,721
"She says, her subjects with foul insurrection",105,722
"Have batter'd down her consecrated wall,",105,723
And by their mortal fault brought in subjection,105,724
"Her immortality, and made her thrall",105,725
To living death and pain perpetual:,105,726
"Which in her prescience she controlled still,",105,727
But her foresight could not forestall their will.,105,728
"Even in this thought through the dark night he stealeth,",106,729
A captive victor that hath lost in gain;,106,730
"Bearing away the wound that nothing healeth,",106,731
"The scar that will, despite of cure, remain;",106,732
Leaving his spoil perplex'd in greater pain.,106,733
"She bears the load of lust he left behind,",106,734
And he the burden of a guilty mind.,106,735
He like a thievish dog creeps sadly thence;,107,736
She like a wearied lamb lies panting there;,107,737
He scowls and hates himself for his offence;,107,738
"She, desperate, with her nails her flesh doth tear;",107,739
"He faintly flies, sneaking with guilty fear;",107,740
"She stays, exclaiming on the direful night;",107,741
"He runs, and chides his vanish'd, loathed delight.",107,742
He thence departs a heavy convertite;,108,743
She there remains a hopeless castaway;,108,744
He in his speed looks for the morning light;,108,745
"She prays she never may behold the day,",108,746
"'For day,' quoth she, 'nights scapes doth open lay,",108,747
And my true eyes have never practised how,108,748
To cloak offences with a cunning brow.,108,749
'They think not but that every eye can see,109,750
The same disgrace which they themselves behold;,109,751
"And therefore would they still in darkness be,",109,752
To have their unseen sin remain untold;,109,753
"For they their guilt with weeping will unfold,",109,754
"And grave, like water that doth eat in steel,",109,755
Upon my cheeks what helpless shame I feel.',109,756
"Here she exclaims against repose and rest,",110,757
And bids her eyes hereafter still be blind.,110,758
"She wakes her heart by beating on her breast,",110,759
"And bids it leap from thence, where it may find",110,760
Some purer chest to close so pure a mind.,110,761
Frantic with grief thus breathes she forth her spite,110,762
Against the unseen secrecy of night:,110,763
"'O comfort-killing Night, image of hell!",111,764
Dim register and notary of shame!,111,765
Black stage for tragedies and murders fell!,111,766
Vast sin-concealing chaos! nurse of blame!,111,767
Blind muffled bawd! dark harbour for defame!,111,768
Grim cave of death! whispering conspirator,111,769
With close-tongued treason and the ravisher!,111,770
"'O hateful, vaporous, and foggy Night!",112,771
"Since thou art guilty of my cureless crime,",112,772
"Muster thy mists to meet the eastern light,",112,773
Make war against proportion'd course of time;,112,774
Or if thou wilt permit the sun to climb,112,775
"His wonted height, yet ere he go to bed,",112,776
Knit poisonous clouds about his golden head.,112,777
'With rotten damps ravish the morning air;,113,778
Let their exhaled unwholesome breaths make sick,113,779
"The life of purity, the supreme fair,",113,780
Ere he arrive his weary noon-tide prick;,113,781
"And let thy misty vapours march so thick,",113,782
That in their smoky ranks his smother'd light,113,783
May set at noon and make perpetual night.,113,784
"'Were Tarquin Night, as he is but Night's child,",114,785
The silver-shining queen he would distain;,114,786
"Her twinkling handmaids too, by him defiled,",114,787
Through Night's black bosom should not peep again:,114,788
So should I have co-partners in my pain;,114,789
"And fellowship in woe doth woe assuage,",114,790
As palmers' chat makes short their pilgrimage.,114,791
"'Where now I have no one to blush with me,",115,792
"To cross their arms and hang their heads with mine,",115,793
To mask their brows and hide their infamy;,115,794
"But I alone alone must sit and pine,",115,795
"Seasoning the earth with showers of silver brine,",115,796
"Mingling my talk with tears, my grief with groans,",115,797
Poor wasting monuments of lasting moans.,115,798
"'O Night, thou furnace of foul-reeking smoke,",116,799
Let not the jealous Day behold that face,116,800
Which underneath thy black all-hiding cloak,116,801
Immodestly lies martyr'd with disgrace!,116,802
"Keep still possession of thy gloomy place,",116,803
That all the faults which in thy reign are made,116,804
May likewise be sepulchred in thy shade!,116,805
'Make me not object to the tell-tale Day!,117,806
"The light will show, character'd in my brow,",117,807
"The story of sweet chastity's decay,",117,808
The impious breach of holy wedlock vow:,117,809
"Yea the illiterate, that know not how",117,810
"To cipher what is writ in learned books,",117,811
Will quote my loathsome trespass in my looks.,117,812
"'The nurse, to still her child, will tell my story,",118,813
And fright her crying babe with Tarquin's name;,118,814
"The orator, to deck his oratory,",118,815
Will couple my reproach to Tarquin's shame;,118,816
"Feast-finding minstrels, tuning my defame,",118,817
"Will tie the hearers to attend each line,",118,818
"How Tarquin wronged me, I Collatine.",118,819
"'Let my good name, that senseless reputation,",119,820
For Collatine's dear love be kept unspotted:,119,821
"If that be made a theme for disputation,",119,822
"The branches of another root are rotted,",119,823
And undeserved reproach to him allotted,119,824
That is as clear from this attaint of mine,119,825
"As I, ere this, was pure to Collatine.",119,826
'O unseen shame! invisible disgrace!,120,827
"O unfelt sore! crest-wounding, private scar!",120,828
"Reproach is stamp'd in Collatinus' face,",120,829
"And Tarquin's eye may read the mot afar,",120,830
"How he in peace is wounded, not in war.",120,831
"Alas, how many bear such shameful blows,",120,832
"Which not themselves, but he that gives them knows!",120,833
"'If, Collatine, thine honour lay in me,",121,834
From me by strong assault it is bereft.,121,835
"My honour lost, and I, a drone-like bee,",121,836
"Have no perfection of my summer left,",121,837
But robb'd and ransack'd by injurious theft:,121,838
"In thy weak hive a wandering wasp hath crept,",121,839
And suck'd the honey which thy chaste bee kept.,121,840
'Yet am I guilty of thy honour's wrack;,122,841
Yet for thy honour did I entertain him;,122,842
"Coming from thee, I could not put him back,",122,843
For it had been dishonour to disdain him:,122,844
"Besides, of weariness he did complain him,",122,845
"And talk'd of virtue: O unlook'd-for evil,",122,846
When virtue is profaned in such a devil!,122,847
'Why should the worm intrude the maiden bud?,123,848
Or hateful cuckoos hatch in sparrows' nests?,123,849
Or toads infect fair founts with venom mud?,123,850
Or tyrant folly lurk in gentle breasts?,123,851
Or kings be breakers of their own behests?,123,852
"But no perfection is so absolute,",123,853
That some impurity doth not pollute.,123,854
'The aged man that coffers-up his gold,124,855
Is plagued with cramps and gouts and painful fits;,124,856
"And scarce hath eyes his treasure to behold,",124,857
"But like still-pining Tantalus he sits,",124,858
And useless barns the harvest of his wits;,124,859
Having no other pleasure of his gain,124,860
But torment that it cannot cure his pain.,124,861
"'So then he hath it when he cannot use it,",125,862
And leaves it to be master'd by his young;,125,863
Who in their pride do presently abuse it:,125,864
"Their father was too weak, and they too strong,",125,865
To hold their cursed-blessed fortune long.,125,866
The sweets we wish for turn to loathed sours,125,867
Even in the moment that we call them ours.,125,868
'Unruly blasts wait on the tender spring;,126,869
Unwholesome weeds take root with precious flowers;,126,870
The adder hisses where the sweet birds sing;,126,871
What virtue breeds iniquity devours:,126,872
"We have no good that we can say is ours,",126,873
But ill-annexed Opportunity,126,874
Or kills his life or else his quality.,126,875
"'O Opportunity, thy guilt is great!",127,876
'Tis thou that executest the traitor's treason:,127,877
Thou set'st the wolf where he the lamb may get;,127,878
"Whoever plots the sin, thou 'point'st the season;",127,879
"'Tis thou that spurn'st at right, at law, at reason;",127,880
"And in thy shady cell, where none may spy him,",127,881
"Sits Sin, to seize the souls that wander by him.",127,882
'Thou makest the vestal violate her oath;,128,883
Thou blow'st the fire when temperance is thaw'd;,128,884
"Thou smother'st honesty, thou murder'st troth;",128,885
Thou foul abettor! thou notorious bawd!,128,886
Thou plantest scandal and displacest laud:,128,887
"Thou ravisher, thou traitor, thou false thief,",128,888
"Thy honey turns to gall, thy joy to grief!",128,889
"'Thy secret pleasure turns to open shame,",129,890
"Thy private feasting to a public fast,",129,891
"Thy smoothing titles to a ragged name,",129,892
Thy sugar'd tongue to bitter wormwood taste:,129,893
Thy violent vanities can never last.,129,894
"How comes it then, vile Opportunity,",129,895
"Being so bad, such numbers seek for thee?",129,896
"'When wilt thou be the humble suppliant's friend,",130,897
And bring him where his suit may be obtain'd?,130,898
When wilt thou sort an hour great strifes to end?,130,899
Or free that soul which wretchedness hath chain'd?,130,900
"Give physic to the sick, ease to the pain'd?",130,901
"The poor, lame, blind, halt, creep, cry out for thee;",130,902
But they ne'er meet with Opportunity.,130,903
'The patient dies while the physician sleeps;,131,904
The orphan pines while the oppressor feeds;,131,905
Justice is feasting while the widow weeps;,131,906
Advice is sporting while infection breeds:,131,907
Thou grant'st no time for charitable deeds:,131,908
"Wrath, envy, treason, rape, and murder's rages,",131,909
Thy heinous hours wait on them as their pages.,131,910
"'When Truth and Virtue have to do with thee,",132,911
A thousand crosses keep them from thy aid:,132,912
"They buy thy help; but Sin ne'er gives a fee,",132,913
He gratis comes; and thou art well appaid,132,914
As well to hear as grant what he hath said.,132,915
My Collatine would else have come to me,132,916
"When Tarquin did, but he was stay'd by thee.",132,917
"Guilty thou art of murder and of theft,",133,918
"Guilty of perjury and subornation,",133,919
"Guilty of treason, forgery, and shift,",133,920
"Guilty of incest, that abomination;",133,921
An accessary by thine inclination,133,922
"To all sins past, and all that are to come,",133,923
From the creation to the general doom.,133,924
"'Mis-shapen Time, copesmate of ugly Night,",134,925
"Swift subtle post, carrier of grisly care,",134,926
"Eater of youth, false slave to false delight,",134,927
"Base watch of woes, sin's pack-horse, virtue's snare;",134,928
Thou nursest all and murder'st all that are:,134,929
"O, hear me then, injurious, shifting Time!",134,930
"Be guilty of my death, since of my crime.",134,931
"'Why hath thy servant, Opportunity,",135,932
"Betray'd the hours thou gavest me to repose,",135,933
"Cancell'd my fortunes, and enchained me",135,934
To endless date of never-ending woes?,135,935
Time's office is to fine the hate of foes;,135,936
"To eat up errors by opinion bred,",135,937
Not spend the dowry of a lawful bed.,135,938
"'Time's glory is to calm contending kings,",136,939
"To unmask falsehood and bring truth to light,",136,940
"To stamp the seal of time in aged things,",136,941
"To wake the morn and sentinel the night,",136,942
"To wrong the wronger till he render right,",136,943
"To ruinate proud buildings with thy hours,",136,944
And smear with dust their glittering golden towers;,136,945
"'To fill with worm-holes stately monuments,",137,946
"To feed oblivion with decay of things,",137,947
"To blot old books and alter their contents,",137,948
"To pluck the quills from ancient ravens' wings,",137,949
"To dry the old oak's sap and cherish springs,",137,950
"To spoil antiquities of hammer'd steel,",137,951
And turn the giddy round of Fortune's wheel;,137,952
"'To show the beldam daughters of her daughter,",138,953
"To make the child a man, the man a child,",138,954
"To slay the tiger that doth live by slaughter,",138,955
"To tame the unicorn and lion wild,",138,956
"To mock the subtle in themselves beguiled,",138,957
"To cheer the ploughman with increaseful crops,",138,958
And waste huge stones with little water drops.,138,959
"'Why work'st thou mischief in thy pilgrimage,",139,960
Unless thou couldst return to make amends?,139,961
One poor retiring minute in an age,139,962
"Would purchase thee a thousand thousand friends,",139,963
Lending him wit that to bad debtors lends:,139,964
"O, this dread night, wouldst thou one hour come back,",139,965
I could prevent this storm and shun thy wrack!,139,966
"'Thou ceaseless lackey to eternity,",140,967
With some mischance cross Tarquin in his flight:,140,968
"Devise extremes beyond extremity,",140,969
To make him curse this cursed crimeful night:,140,970
Let ghastly shadows his lewd eyes affright;,140,971
And the dire thought of his committed evil,140,972
Shape every bush a hideous shapeless devil.,140,973
"'Disturb his hours of rest with restless trances,",141,974
Afflict him in his bed with bedrid groans;,141,975
"Let there bechance him pitiful mischances,",141,976
To make him moan; but pity not his moans:,141,977
Stone him with harden'd hearts harder than stones;,141,978
"And let mild women to him lose their mildness,",141,979
Wilder to him than tigers in their wildness.,141,980
"'Let him have time to tear his curled hair,",142,981
"Let him have time against himself to rave,",142,982
"Let him have time of Time's help to despair,",142,983
"Let him have time to live a loathed slave,",142,984
"Let him have time a beggar's orts to crave,",142,985
And time to see one that by alms doth live,142,986
Disdain to him disdained scraps to give.,142,987
"'Let him have time to see his friends his foes,",143,988
And merry fools to mock at him resort;,143,989
Let him have time to mark how slow time goes,143,990
"In time of sorrow, and how swift and short",143,991
His time of folly and his time of sport;,143,992
And ever let his unrecalling crime,143,993
Have time to wail th' abusing of his time.,143,994
"'O Time, thou tutor both to good and bad,",144,995
Teach me to curse him that thou taught'st this ill!,144,996
"At his own shadow let the thief run mad,",144,997
Himself himself seek every hour to kill!,144,998
Such wretched hands such wretched blood should spill;,144,999
For who so base would such an office have,144,1000
As slanderous death's-man to so base a slave?,144,1001
"'The baser is he, coming from a king,",145,1002
To shame his hope with deeds degenerate:,145,1003
"The mightier man, the mightier is the thing",145,1004
"That makes him honour'd, or begets him hate;",145,1005
For greatest scandal waits on greatest state.,145,1006
"The moon being clouded presently is miss'd,",145,1007
But little stars may hide them when they list.,145,1008
"'The crow may bathe his coal-black wings in mire,",146,1009
And unperceived fly with the filth away;,146,1010
"But if the like the snow-white swan desire,",146,1011
The stain upon his silver down will stay.,146,1012
"Poor grooms are sightless night, kings glorious day:",146,1013
"Gnats are unnoted wheresoe'er they fly,",146,1014
But eagles gazed upon with every eye.,146,1015
"'Out, idle words, servants to shallow fools!",147,1016
"Unprofitable sounds, weak arbitrators!",147,1017
Busy yourselves in skill-contending schools;,147,1018
Debate where leisure serves with dull debaters;,147,1019
To trembling clients be you mediators:,147,1020
"For me, I force not argument a straw,",147,1021
Since that my case is past the help of law.,147,1022
"'In vain I rail at Opportunity,",148,1023
"At Time, at Tarquin, and uncheerful Night;",148,1024
"In vain I cavil with mine infamy,",148,1025
In vain I spurn at my confirm'd despite:,148,1026
This helpless smoke of words doth me no right.,148,1027
The remedy indeed to do me good,148,1028
Is to let forth my foul-defiled blood.,148,1029
"'Poor hand, why quiver'st thou at this decree?",149,1030
Honour thyself to rid me of this shame:,149,1031
"For if I die, my honour lives in thee;",149,1032
"But if I live, thou livest in my defame:",149,1033
"Since thou couldst not defend thy loyal dame,",149,1034
"And wast afeard to scratch her wicked foe,",149,1035
Kill both thyself and her for yielding so.',149,1036
"This said, from her be-tumbled couch she starteth,",150,1037
To find some desperate instrument of death:,150,1038
But this no slaughterhouse no tool imparteth,150,1039
To make more vent for passage of her breath;,150,1040
"Which, thronging through her lips, so vanisheth",150,1041
"As smoke from AEtna, that in air consumes,",150,1042
Or that which from discharged cannon fumes.,150,1043
"'In vain,' quoth she, 'I live, and seek in vain",151,1044
Some happy mean to end a hapless life.,151,1045
"I fear'd by Tarquin's falchion to be slain,",151,1046
Yet for the self-same purpose seek a knife:,151,1047
But when I fear'd I was a loyal wife:,151,1048
"So am I now: O no, that cannot be;",151,1049
Of that true type hath Tarquin rifled me.,151,1050
"'O, that is gone for which I sought to live,",152,1051
And therefore now I need not fear to die.,152,1052
"To clear this spot by death, at least I give",152,1053
A badge of fame to slander's livery;,152,1054
A dying life to living infamy:,152,1055
"Poor helpless help, the treasure stol'n away,",152,1056
To burn the guiltless casket where it lay!,152,1057
"'Well, well, dear Collatine, thou shalt not know",153,1058
The stained taste of violated troth;,153,1059
"I will not wrong thy true affection so,",153,1060
To flatter thee with an infringed oath;,153,1061
This bastard graff shall never come to growth:,153,1062
He shall not boast who did thy stock pollute,153,1063
That thou art doting father of his fruit.,153,1064
"'Nor shall he smile at thee in secret thought,",154,1065
Nor laugh with his companions at thy state:,154,1066
But thou shalt know thy interest was not bought,154,1067
"Basely with gold, but stol'n from forth thy gate.",154,1068
"For me, I am the mistress of my fate,",154,1069
"And with my trespass never will dispense,",154,1070
Till life to death acquit my forced offence.,154,1071
"'I will not poison thee with my attaint,",155,1072
Nor fold my fault in cleanly-coin'd excuses;,155,1073
"My sable ground of sin I will not paint,",155,1074
To hide the truth of this false night's abuses:,155,1075
"My tongue shall utter all; mine eyes, like sluices,",155,1076
"As from a mountain-spring that feeds a dale,",155,1077
Shall gush pure streams to purge my impure tale.',155,1078
"By this, lamenting Philomel had ended",156,1079
"The well-tuned warble of her nightly sorrow,",156,1080
And solemn night with slow sad gait descended,156,1081
"To ugly hell; when, lo, the blushing morrow",156,1082
Lends light to all fair eyes that light will borrow:,156,1083
"But cloudy Lucrece shames herself to see,",156,1084
And therefore still in night would cloister'd be.,156,1085
"Revealing day through every cranny spies,",157,1086
And seems to point her out where she sits weeping;,157,1087
"To whom she sobbing speaks: 'O eye of eyes,",157,1088
Why pry'st thou through my window? leave thy peeping:,157,1089
Mock with thy tickling beams eyes that are sleeping:,157,1090
"Brand not my forehead with thy piercing light,",157,1091
For day hath nought to do what's done by night.',157,1092
Thus cavils she with every thing she sees:,158,1093
"True grief is fond and testy as a child,",158,1094
"Who wayward once, his mood with nought agrees:",158,1095
"Old woes, not infant sorrows, bear them mild;",158,1096
"Continuance tames the one; the other wild,",158,1097
"Like an unpractised swimmer plunging still,",158,1098
With too much labour drowns for want of skill.,158,1099
"So she, deep-drenched in a sea of care,",159,1100
"Holds disputation with each thing she views,",159,1101
And to herself all sorrow doth compare;,159,1102
No object but her passion's strength renews;,159,1103
"And as one shifts, another straight ensues:",159,1104
Sometime her grief is dumb and hath no words;,159,1105
Sometime 'tis mad and too much talk affords.,159,1106
The little birds that tune their morning's joy,160,1107
Make her moans mad with their sweet melody:,160,1108
For mirth doth search the bottom of annoy;,160,1109
Sad souls are slain in merry company;,160,1110
Grief best is pleased with grief's society:,160,1111
True sorrow then is feelingly sufficed,160,1112
When with like semblance it is sympathized.,160,1113
'Tis double death to drown in ken of shore;,161,1114
He ten times pines that pines beholding food;,161,1115
To see the salve doth make the wound ache more;,161,1116
Great grief grieves most at that would do it good;,161,1117
"Deep woes roll forward like a gentle flood,",161,1118
"Who being stopp'd, the bounding banks o'erflows;",161,1119
Grief dallied with nor law nor limit knows.,161,1120
"'You mocking-birds,' quoth she, 'your tunes entomb",162,1121
"Within your hollow-swelling feather'd breasts,",162,1122
And in my hearing be you mute and dumb:,162,1123
My restless discord loves no stops nor rests;,162,1124
A woeful hostess brooks not merry guests:,162,1125
Relish your nimble notes to pleasing ears;,162,1126
Distress likes dumps when time is kept with tears.,162,1127
"'Come, Philomel, that sing'st of ravishment,",163,1128
Make thy sad grove in my dishevell'd hair:,163,1129
"As the dank earth weeps at thy languishment,",163,1130
"So I at each sad strain will strain a tear,",163,1131
And with deep groans the diapason bear;,163,1132
"For burden-wise I'll hum on Tarquin still,",163,1133
While thou on Tereus descant'st better skill.,163,1134
"'And whiles against a thorn thou bear'st thy part,",164,1135
"To keep thy sharp woes waking, wretched I,",164,1136
"To imitate thee well, against my heart",164,1137
Will fix a sharp knife to affright mine eye;,164,1138
"Who, if it wink, shall thereon fall and die.",164,1139
"These means, as frets upon an instrument,",164,1140
Shall tune our heart-strings to true languishment.,164,1141
"'And for, poor bird, thou sing'st not in the day,",165,1142
"As shaming any eye should thee behold,",165,1143
"Some dark deep desert, seated from the way,",165,1144
"That knows not parching heat nor freezing cold,",165,1145
Will we find out; and there we will unfold,165,1146
"To creatures stern sad tunes, to change their kinds:",165,1147
"Since men prove beasts, let beasts bear gentle minds.'",165,1148
"As the poor frighted deer, that stands at gaze,",166,1149
"Wildly determining which way to fly,",166,1150
"Or one encompass'd with a winding maze,",166,1151
That cannot tread the way out readily;,166,1152
"So with herself is she in mutiny,",166,1153
"To live or die which of the twain were better,",166,1154
"When life is shamed, and death reproach's debtor.",166,1155
"'To kill myself,' quoth she, 'alack, what were it,",167,1156
But with my body my poor soul's pollution?,167,1157
They that lose half with greater patience bear it,167,1158
Than they whose whole is swallow'd in confusion.,167,1159
That mother tries a merciless conclusion,167,1160
"Who, having two sweet babes, when death takes one,",167,1161
Will slay the other and be nurse to none.,167,1162
"'My body or my soul, which was the dearer,",168,1163
"When the one pure, the other made divine?",168,1164
"Whose love of either to myself was nearer,",168,1165
When both were kept for heaven and Collatine?,168,1166
"Ay me! the bark peel'd from the lofty pine,",168,1167
His leaves will wither and his sap decay;,168,1168
"So must my soul, her bark being peel'd away.",168,1169
"'Her house is sack'd, her quiet interrupted,",169,1170
Her mansion batter'd by the enemy;,169,1171
"Her sacred temple spotted, spoil'd, corrupted,",169,1172
Grossly engirt with daring infamy:,169,1173
"Then let it not be call'd impiety,",169,1174
If in this blemish'd fort I make some hole,169,1175
Through which I may convey this troubled soul.,169,1176
'Yet die I will not till my Collatine,170,1177
Have heard the cause of my untimely death;,170,1178
"That he may vow, in that sad hour of mine,",170,1179
Revenge on him that made me stop my breath.,170,1180
"My stained blood to Tarquin I'll bequeath,",170,1181
"Which by him tainted shall for him be spent,",170,1182
And as his due writ in my testament.,170,1183
'My honour I'll bequeath unto the knife,171,1184
That wounds my body so dishonoured.,171,1185
'Tis honour to deprive dishonour'd life;,171,1186
"The one will live, the other being dead:",171,1187
So of shame's ashes shall my fame be bred;,171,1188
For in my death I murder shameful scorn:,171,1189
"My shame so dead, mine honour is new-born.",171,1190
"'Dear lord of that dear jewel I have lost,",172,1191
What legacy shall I bequeath to thee?,172,1192
"My resolution, love, shall be thy boast,",172,1193
By whose example thou revenged mayest be.,172,1194
"How Tarquin must be used, read it in me:",172,1195
"Myself, thy friend, will kill myself, thy foe,",172,1196
And for my sake serve thou false Tarquin so.,172,1197
'This brief abridgement of my will I make:,173,1198
My soul and body to the skies and ground;,173,1199
"My resolution, husband, do thou take;",173,1200
Mine honour be the knife's that makes my wound;,173,1201
My shame be his that did my fame confound;,173,1202
And all my fame that lives disbursed be,173,1203
"To those that live, and think no shame of me.",173,1204
"'Thou, Collatine, shalt oversee this will;",174,1205
How was I overseen that thou shalt see it!,174,1206
My blood shall wash the slander of mine ill;,174,1207
"My life's foul deed, my life's fair end shall free it.",174,1208
"Faint not, faint heart, but stoutly say 'So be it:'",174,1209
Yield to my hand; my hand shall conquer thee:,174,1210
"Thou dead, both die, and both shall victors be.'",174,1211
"This Plot of death when sadly she had laid,",175,1212
"And wiped the brinish pearl from her bright eyes,",175,1213
"With untuned tongue she hoarsely calls her maid,",175,1214
Whose swift obedience to her mistress hies;,175,1215
For fleet-wing'd duty with thought's feathers flies.,175,1216
Poor Lucrece' cheeks unto her maid seem so,175,1217
As winter meads when sun doth melt their snow.,175,1218
"Her mistress she doth give demure good-morrow,",176,1219
"With soft-slow tongue, true mark of modesty,",176,1220
"And sorts a sad look to her lady's sorrow,",176,1221
For why her face wore sorrow's livery;,176,1222
But durst not ask of her audaciously,176,1223
"Why her two suns were cloud-eclipsed so,",176,1224
Nor why her fair cheeks over-wash'd with woe.,176,1225
"But as the earth doth weep, the sun being set,",177,1226
Each flower moisten'd like a melting eye;,177,1227
Even so the maid with swelling drops gan wet,177,1228
"Her circled eyne, enforced by sympathy",177,1229
"Of those fair suns set in her mistress' sky,",177,1230
"Who in a salt-waved ocean quench their light,",177,1231
Which makes the maid weep like the dewy night.,177,1232
"A pretty while these pretty creatures stand,",178,1233
Like ivory conduits coral cisterns filling:,178,1234
One justly weeps; the other takes in hand,178,1235
"No cause, but company, of her drops spilling:",178,1236
Their gentle sex to weep are often willing;,178,1237
"Grieving themselves to guess at others' smarts,",178,1238
And then they drown their eyes or break their hearts.,178,1239
"For men have marble, women waxen, minds,",179,1240
And therefore are they form'd as marble will;,179,1241
"The weak oppress'd, the impression of strange kinds",179,1242
"Is form'd in them by force, by fraud, or skill:",179,1243
"Then call them not the authors of their ill,",179,1244
No more than wax shall be accounted evil,179,1245
Wherein is stamp'd the semblance of a devil.,179,1246
"Their smoothness, like a goodly champaign plain,",180,1247
Lays open all the little worms that creep;,180,1248
"In men, as in a rough-grown grove, remain",180,1249
Cave-keeping evils that obscurely sleep:,180,1250
Through crystal walls each little mote will peep:,180,1251
"Though men can cover crimes with bold stern looks,",180,1252
Poor women's faces are their own fault's books.,180,1253
"No man inveigh against the wither'd flower,",181,1254
But chide rough winter that the flower hath kill'd:,181,1255
"Not that devour'd, but that which doth devour,",181,1256
"Is worthy blame. O, let it not be hild",181,1257
"Poor women's faults, that they are so fulfill'd",181,1258
"With men's abuses: those proud lords, to blame,",181,1259
Make weak-made women tenants to their shame.,181,1260
"The precedent whereof in Lucrece view,",182,1261
Assail'd by night with circumstances strong,182,1262
"Of present death, and shame that might ensue",182,1263
"By that her death, to do her husband wrong:",182,1264
"Such danger to resistance did belong,",182,1265
That dying fear through all her body spread;,182,1266
And who cannot abuse a body dead?,182,1267
"By this, mild patience bid fair Lucrece speak",183,1268
To the poor counterfeit of her complaining:,183,1269
"'My girl,' quoth she, 'on what occasion break",183,1270
"Those tears from thee, that down thy cheeks are",183,1271
raining?,183,1272
"If thou dost weep for grief of my sustaining,",183,1273
"Know, gentle wench, it small avails my mood:",183,1274
"If tears could help, mine own would do me good.",183,1275
"'But tell me, girl, when went'--and there she stay'd",184,1276
Till after a deep groan--'Tarquin from hence?',184,1277
"'Madam, ere I was up,' replied the maid,",184,1278
'The more to blame my sluggard negligence:,184,1279
Yet with the fault I thus far can dispense;,184,1280
"Myself was stirring ere the break of day,",184,1281
"And, ere I rose, was Tarquin gone away.",184,1282
"'But, lady, if your maid may be so bold,",185,1283
She would request to know your heaviness.',185,1284
"'O, peace!' quoth Lucrece: 'if it should be told,",185,1285
The repetition cannot make it less;,185,1286
For more it is than I can well express:,185,1287
And that deep torture may be call'd a hell,185,1288
When more is felt than one hath power to tell.,185,1289
"'Go, get me hither paper, ink, and pen:",186,1290
"Yet save that labour, for I have them here.",186,1291
What should I say? One of my husband's men,186,1292
"Bid thou be ready, by and by, to bear",186,1293
"A letter to my lord, my love, my dear;",186,1294
Bid him with speed prepare to carry it;,186,1295
"The cause craves haste, and it will soon be writ.'",186,1296
"Her maid is gone, and she prepares to write,",187,1297
First hovering o'er the paper with her quill:,187,1298
Conceit and grief an eager combat fight;,187,1299
What wit sets down is blotted straight with will;,187,1300
"This is too curious-good, this blunt and ill:",187,1301
"Much like a press of people at a door,",187,1302
"Throng her inventions, which shall go before.",187,1303
At last she thus begins: 'Thou worthy lord,188,1304
"Of that unworthy wife that greeteth thee,",188,1305
Health to thy person! next vouchsafe t' afford--,188,1306
"If ever, love, thy Lucrece thou wilt see--",188,1307
Some present speed to come and visit me.,188,1308
"So, I commend me from our house in grief:",188,1309
"My woes are tedious, though my words are brief.'",188,1310
"Here folds she up the tenor of her woe,",189,1311
Her certain sorrow writ uncertainly.,189,1312
By this short schedule Collatine may know,189,1313
"Her grief, but not her grief's true quality:",189,1314
"She dares not thereof make discovery,",189,1315
"Lest he should hold it her own gross abuse,",189,1316
Ere she with blood had stain'd her stain'd excuse.,189,1317
"Besides, the life and feeling of her passion",190,1318
"She hoards, to spend when he is by to hear her:",190,1319
When sighs and groans and tears may grace the fashion,190,1320
"Of her disgrace, the better so to clear her",190,1321
From that suspicion which the world might bear her.,190,1322
"To shun this blot, she would not blot the letter",190,1323
"With words, till action might become them better.",190,1324
To see sad sights moves more than hear them told;,191,1325
For then eye interprets to the ear,191,1326
"The heavy motion that it doth behold,",191,1327
When every part a part of woe doth bear.,191,1328
'Tis but a part of sorrow that we hear:,191,1329
"Deep sounds make lesser noise than shallow fords,",191,1330
"And sorrow ebbs, being blown with wind of words.",191,1331
"Her letter now is seal'd, and on it writ",192,1332
'At Ardea to my lord with more than haste.',192,1333
"The post attends, and she delivers it,",192,1334
Charging the sour-faced groom to hie as fast,192,1335
As lagging fowls before the northern blast:,192,1336
Speed more than speed but dull and slow she deems:,192,1337
Extremity still urgeth such extremes.,192,1338
The homely villain court'sies to her low;,193,1339
"And, blushing on her, with a steadfast eye",193,1340
"Receives the scroll without or yea or no,",193,1341
And forth with bashful innocence doth hie.,193,1342
But they whose guilt within their bosoms lie,193,1343
Imagine every eye beholds their blame;,193,1344
For Lucrece thought he blush'd to her see shame:,193,1345
"When, silly groom! God wot, it was defect",194,1346
"Of spirit, Life, and bold audacity.",194,1347
Such harmless creatures have a true respect,194,1348
"To talk in deeds, while others saucily",194,1349
"Promise more speed, but do it leisurely:",194,1350
Even so this pattern of the worn-out age,194,1351
"Pawn'd honest looks, but laid no words to gage.",194,1352
"His kindled duty kindled her mistrust,",195,1353
That two red fires in both their faces blazed;,195,1354
"She thought he blush'd, as knowing Tarquin's lust,",195,1355
"And, blushing with him, wistly on him gazed;",195,1356
Her earnest eye did make him more amazed:,195,1357
"The more she saw the blood his cheeks replenish,",195,1358
The more she thought he spied in her some blemish.,195,1359
"But long she thinks till he return again,",196,1360
And yet the duteous vassal scarce is gone.,196,1361
"The weary time she cannot entertain,",196,1362
"For now 'tis stale to sigh, to weep, and groan:",196,1363
"So woe hath wearied woe, moan tired moan,",196,1364
"That she her plaints a little while doth stay,",196,1365
Pausing for means to mourn some newer way.,196,1366
At last she calls to mind where hangs a piece,197,1367
"Of skilful painting, made for Priam's Troy:",197,1368
Before the which is drawn the power of Greece.,197,1369
"For Helen's rape the city to destroy,",197,1370
Threatening cloud-kissing Ilion with annoy;,197,1371
"Which the conceited painter drew so proud,",197,1372
"As heaven, it seem'd, to kiss the turrets bow'd.",197,1373
"A thousand lamentable objects there,",198,1374
"In scorn of nature, art gave lifeless life:",198,1375
"Many a dry drop seem'd a weeping tear,",198,1376
Shed for the slaughter'd husband by the wife:,198,1377
"The red blood reek'd, to show the painter's strife;",198,1378
"And dying eyes gleam'd forth their ashy lights,",198,1379
Like dying coals burnt out in tedious nights.,198,1380
There might you see the labouring pioner,199,1381
"Begrimed with sweat, and smeared all with dust;",199,1382
And from the towers of Troy there would appear,199,1383
"The very eyes of men through loop-holes thrust,",199,1384
Gazing upon the Greeks with little lust:,199,1385
"Such sweet observance in this work was had,",199,1386
That one might see those far-off eyes look sad.,199,1387
In great commanders grace and majesty,200,1388
"You might behold, triumphing in their faces;",200,1389
"In youth, quick bearing and dexterity;",200,1390
"Pale cowards, marching on with trembling paces;",200,1391
"Which heartless peasants did so well resemble,",200,1392
That one would swear he saw them quake and tremble.,200,1393
"In Ajax and Ulysses, O, what art",201,1394
Of physiognomy might one behold!,201,1395
The face of either cipher'd either's heart;,201,1396
Their face their manners most expressly told:,201,1397
In Ajax' eyes blunt rage and rigor roll'd;,201,1398
But the mild glance that sly Ulysses lent,201,1399
Show'd deep regard and smiling government.,201,1400
"There pleading might you see grave Nestor stand,",202,1401
As 'twere encouraging the Greeks to fight;,202,1402
"Making such sober action with his hand,",202,1403
"That it beguiled attention, charm'd the sight:",202,1404
"In speech, it seem'd, his beard, all silver white,",202,1405
"Wagg'd up and down, and from his lips did fly",202,1406
"Thin winding breath, which purl'd up to the sky.",202,1407
"About him were a press of gaping faces,",203,1408
Which seem'd to swallow up his sound advice;,203,1409
"All jointly listening, but with several graces,",203,1410
"As if some mermaid did their ears entice,",203,1411
"Some high, some low, the painter was so nice;",203,1412
"The scalps of many, almost hid behind,",203,1413
"To jump up higher seem'd, to mock the mind.",203,1414
"Here one man's hand lean'd on another's head,",204,1415
His nose being shadow'd by his neighbour's ear;,204,1416
"Here one being throng'd bears back, all boll'n and",204,1417
red;,204,1418
Another smother'd seems to pelt and swear;,204,1419
"And in their rage such signs of rage they bear,",204,1420
"As, but for loss of Nestor's golden words,",204,1421
It seem'd they would debate with angry swords.,204,1422
For much imaginary work was there;,205,1423
"Conceit deceitful, so compact, so kind,",205,1424
"That for Achilles' image stood his spear,",205,1425
"Griped in an armed hand; himself, behind,",205,1426
"Was left unseen, save to the eye of mind:",205,1427
"A hand, a foot, a face, a leg, a head,",205,1428
Stood for the whole to be imagined.,205,1429
And from the walls of strong-besieged Troy,206,1430
"When their brave hope, bold Hector, march'd to",206,1431
"field,",206,1432
"Stood many Trojan mothers, sharing joy",206,1433
To see their youthful sons bright weapons wield;,206,1434
"And to their hope they such odd action yield,",206,1435
"That through their light joy seemed to appear,",206,1436
"Like bright things stain'd, a kind of heavy fear.",206,1437
"And from the strand of Dardan, where they fought,",207,1438
"To Simois' reedy banks the red blood ran,",207,1439
Whose waves to imitate the battle sought,207,1440
With swelling ridges; and their ranks began,207,1441
"To break upon the galled shore, and than",207,1442
"Retire again, till, meeting greater ranks,",207,1443
They join and shoot their foam at Simois' banks.,207,1444
"To this well-painted piece is Lucrece come,",208,1445
To find a face where all distress is stell'd.,208,1446
"Many she sees where cares have carved some,",208,1447
"But none where all distress and dolour dwell'd,",208,1448
"Till she despairing Hecuba beheld,",208,1449
"Staring on Priam's wounds with her old eyes,",208,1450
Which bleeding under Pyrrhus' proud foot lies.,208,1451
In her the painter had anatomized,209,1452
"Time's ruin, beauty's wreck, and grim care's reign:",209,1453
Her cheeks with chaps and wrinkles were disguised;,209,1454
Of what she was no semblance did remain:,209,1455
"Her blue blood changed to black in every vein,",209,1456
"Wanting the spring that those shrunk pipes had fed,",209,1457
Show'd life imprison'd in a body dead.,209,1458
"On this sad shadow Lucrece spends her eyes,",210,1459
"And shapes her sorrow to the beldam's woes,",210,1460
"Who nothing wants to answer her but cries,",210,1461
And bitter words to ban her cruel foes:,210,1462
The painter was no god to lend her those;,210,1463
"And therefore Lucrece swears he did her wrong,",210,1464
To give her so much grief and not a tongue.,210,1465
"'Poor instrument,' quoth she,'without a sound,",211,1466
I'll tune thy woes with my lamenting tongue;,211,1467
"And drop sweet balm in Priam's painted wound,",211,1468
And rail on Pyrrhus that hath done him wrong;,211,1469
And with my tears quench Troy that burns so long;,211,1470
And with my knife scratch out the angry eyes,211,1471
Of all the Greeks that are thine enemies.,211,1472
"'Show me the strumpet that began this stir,",212,1473
That with my nails her beauty I may tear.,212,1474
"Thy heat of lust, fond Paris, did incur",212,1475
This load of wrath that burning Troy doth bear:,212,1476
Thy eye kindled the fire that burneth here;,212,1477
"And here in Troy, for trespass of thine eye,",212,1478
"The sire, the son, the dame, and daughter die.",212,1479
'Why should the private pleasure of some one,213,1480
Become the public plague of many moe?,213,1481
"Let sin, alone committed, light alone",213,1482
Upon his head that hath transgressed so;,213,1483
Let guiltless souls be freed from guilty woe:,213,1484
"For one's offence why should so many fall,",213,1485
To plague a private sin in general?,213,1486
"'Lo, here weeps Hecuba, here Priam dies,",214,1487
"Here manly Hector faints, here Troilus swounds,",214,1488
"Here friend by friend in bloody channel lies,",214,1489
"And friend to friend gives unadvised wounds,",214,1490
And one man's lust these many lives confounds:,214,1491
"Had doting Priam cheque'd his son's desire,",214,1492
Troy had been bright with fame and not with fire.',214,1493
Here feelingly she weeps Troy's painted woes:,215,1494
"For sorrow, like a heavy-hanging bell,",215,1495
"Once set on ringing, with his own weight goes;",215,1496
Then little strength rings out the doleful knell:,215,1497
"So Lucrece, set a-work, sad tales doth tell",215,1498
To pencill'd pensiveness and colour'd sorrow;,215,1499
"She lends them words, and she their looks doth borrow.",215,1500
"She throws her eyes about the painting round,",216,1501
And whom she finds forlorn she doth lament.,216,1502
"At last she sees a wretched image bound,",216,1503
That piteous looks to Phrygian shepherds lent:,216,1504
"His face, though full of cares, yet show'd content;",216,1505
"Onward to Troy with the blunt swains he goes,",216,1506
"So mild, that Patience seem'd to scorn his woes.",216,1507
In him the painter labour'd with his skill,217,1508
"To hide deceit, and give the harmless show",217,1509
"An humble gait, calm looks, eyes wailing still,",217,1510
"A brow unbent, that seem'd to welcome woe;",217,1511
"Cheeks neither red nor pale, but mingled so",217,1512
"That blushing red no guilty instance gave,",217,1513
Nor ashy pale the fear that false hearts have.,217,1514
"But, like a constant and confirmed devil,",218,1515
"He entertain'd a show so seeming just,",218,1516
"And therein so ensconced his secret evil,",218,1517
That jealousy itself could not mistrust,218,1518
False-creeping craft and perjury should thrust,218,1519
"Into so bright a day such black-faced storms,",218,1520
Or blot with hell-born sin such saint-like forms.,218,1521
The well-skill'd workman this mild image drew,219,1522
"For perjured Sinon, whose enchanting story",219,1523
The credulous old Priam after slew;,219,1524
Whose words like wildfire burnt the shining glory,219,1525
"Of rich-built Ilion, that the skies were sorry,",219,1526
"And little stars shot from their fixed places,",219,1527
When their glass fell wherein they view'd their faces.,219,1528
"This picture she advisedly perused,",220,1529
"And chid the painter for his wondrous skill,",220,1530
"Saying, some shape in Sinon's was abused;",220,1531
So fair a form lodged not a mind so ill:,220,1532
"And still on him she gazed; and gazing still,",220,1533
"Such signs of truth in his plain face she spied,",220,1534
That she concludes the picture was belied.,220,1535
"'It cannot be,' quoth she,'that so much guile'--",221,1536
She would have said 'can lurk in such a look;',221,1537
"But Tarquin's shape came in her mind the while,",221,1538
And from her tongue 'can lurk' from 'cannot' took:,221,1539
"'It cannot be' she in that sense forsook,",221,1540
"And turn'd it thus,' It cannot be, I find,",221,1541
But such a face should bear a wicked mind.,221,1542
'For even as subtle Sinon here is painted.,222,1543
"So sober-sad, so weary, and so mild,",222,1544
"As if with grief or travail he had fainted,",222,1545
To me came Tarquin armed; so beguiled,222,1546
"With outward honesty, but yet defiled",222,1547
"With inward vice: as Priam him did cherish,",222,1548
So did I Tarquin; so my Troy did perish.,222,1549
"'Look, look, how listening Priam wets his eyes,",223,1550
To see those borrow'd tears that Sinon sheds!,223,1551
"Priam, why art thou old and yet not wise?",223,1552
For every tear he falls a Trojan bleeds:,223,1553
"His eye drops fire, no water thence proceeds;",223,1554
"Those round clear pearls of his, that move thy pity,",223,1555
Are balls of quenchless fire to burn thy city.,223,1556
'Such devils steal effects from lightless hell;,224,1557
"For Sinon in his fire doth quake with cold,",224,1558
And in that cold hot-burning fire doth dwell;,224,1559
"These contraries such unity do hold,",224,1560
Only to flatter fools and make them bold:,224,1561
"So Priam's trust false Sinon's tears doth flatter,",224,1562
That he finds means to burn his Troy with water.',224,1563
"Here, all enraged, such passion her assails,",225,1564
That patience is quite beaten from her breast.,225,1565
"She tears the senseless Sinon with her nails,",225,1566
Comparing him to that unhappy guest,225,1567
Whose deed hath made herself herself detest:,225,1568
At last she smilingly with this gives o'er;,225,1569
"'Fool, fool!' quoth she, 'his wounds will not be sore.'",225,1570
"Thus ebbs and flows the current of her sorrow,",226,1571
And time doth weary time with her complaining.,226,1572
"She looks for night, and then she longs for morrow,",226,1573
And both she thinks too long with her remaining:,226,1574
Short time seems long in sorrow's sharp sustaining:,226,1575
"Though woe be heavy, yet it seldom sleeps,",226,1576
And they that watch see time how slow it creeps.,226,1577
"Which all this time hath overslipp'd her thought,",227,1578
That she with painted images hath spent;,227,1579
Being from the feeling of her own grief brought,227,1580
By deep surmise of others' detriment;,227,1581
Losing her woes in shows of discontent.,227,1582
"It easeth some, though none it ever cured,",227,1583
To think their dolour others have endured.,227,1584
"But now the mindful messenger, come back,",228,1585
Brings home his lord and other company;,228,1586
Who finds his Lucrece clad in mourning black:,228,1587
And round about her tear-stained eye,228,1588
Blue circles stream'd; like rainbows in the sky:,228,1589
These water-galls in her dim element,228,1590
Foretell new storms to those already spent.,228,1591
"Which when her sad-beholding husband saw,",229,1592
Amazedly in her sad face he stares:,229,1593
"Her eyes, though sod in tears, look'd red and raw,",229,1594
Her lively colour kill'd with deadly cares.,229,1595
He hath no power to ask her how she fares:,229,1596
"Both stood, like old acquaintance in a trance,",229,1597
"Met far from home, wondering each other's chance.",229,1598
"At last he takes her by the bloodless hand,",230,1599
And thus begins: 'What uncouth ill event,230,1600
"Hath thee befall'n, that thou dost trembling stand?",230,1601
"Sweet love, what spite hath thy fair colour spent?",230,1602
Why art thou thus attired in discontent?,230,1603
"Unmask, dear dear, this moody heaviness,",230,1604
"And tell thy grief, that we may give redress.'",230,1605
"Three times with sighs she gives her sorrow fire,",231,1606
Ere once she can discharge one word of woe:,231,1607
"At length address'd to answer his desire,",231,1608
She modestly prepares to let them know,231,1609
Her honour is ta'en prisoner by the foe;,231,1610
While Collatine and his consorted lords,231,1611
With sad attention long to hear her words.,231,1612
And now this pale swan in her watery nest,232,1613
Begins the sad dirge of her certain ending;,232,1614
"'Few words,' quoth she, 'Shall fit the trespass best,",232,1615
Where no excuse can give the fault amending:,232,1616
In me moe woes than words are now depending;,232,1617
"And my laments would be drawn out too long,",232,1618
To tell them all with one poor tired tongue.,232,1619
'Then be this all the task it hath to say,233,1620
"Dear husband, in the interest of thy bed",233,1621
"A stranger came, and on that pillow lay",233,1622
Where thou was wont to rest thy weary head;,233,1623
And what wrong else may be imagined,233,1624
"By foul enforcement might be done to me,",233,1625
"From that, alas, thy Lucrece is not free.",233,1626
"'For in the dreadful dead of dark midnight,",234,1627
With shining falchion in my chamber came,234,1628
"A creeping creature, with a flaming light,",234,1629
"And softly cried 'Awake, thou Roman dame,",234,1630
And entertain my love; else lasting shame,234,1631
"On thee and thine this night I will inflict,",234,1632
If thou my love's desire do contradict.,234,1633
"' 'For some hard-favour'd groom of thine,' quoth he,",235,1634
"'Unless thou yoke thy liking to my will,",235,1635
"I'll murder straight, and then I'll slaughter thee",235,1636
And swear I found you where you did fulfil,235,1637
"The loathsome act of lust, and so did kill",235,1638
The lechers in their deed: this act will be,235,1639
My fame and thy perpetual infamy.',235,1640
"'With this, I did begin to start and cry;",236,1641
"And then against my heart he sets his sword,",236,1642
"Swearing, unless I took all patiently,",236,1643
I should not live to speak another word;,236,1644
"So should my shame still rest upon record,",236,1645
And never be forgot in mighty Rome,236,1646
Th' adulterate death of Lucrece and her groom.,236,1647
"'Mine enemy was strong, my poor self weak,",237,1648
And far the weaker with so strong a fear:,237,1649
My bloody judge forbade my tongue to speak;,237,1650
No rightful plea might plead for justice there:,237,1651
His scarlet lust came evidence to swear,237,1652
That my poor beauty had purloin'd his eyes;,237,1653
And when the judge is robb'd the prisoner dies.,237,1654
"'O, teach me how to make mine own excuse!",238,1655
Or at the least this refuge let me find;,238,1656
"Though my gross blood be stain'd with this abuse,",238,1657
Immaculate and spotless is my mind;,238,1658
That was not forced; that never was inclined,238,1659
"To accessary yieldings, but still pure",238,1660
Doth in her poison'd closet yet endure.',238,1661
"Lo, here, the hopeless merchant of this loss,",239,1662
"With head declined, and voice damm'd up with woe,",239,1663
"With sad set eyes, and wretched arms across,",239,1664
From lips new-waxen pale begins to blow,239,1665
The grief away that stops his answer so:,239,1666
"But, wretched as he is, he strives in vain;",239,1667
What he breathes out his breath drinks up again.,239,1668
As through an arch the violent roaring tide,240,1669
"Outruns the eye that doth behold his haste,",240,1670
Yet in the eddy boundeth in his pride,240,1671
Back to the strait that forced him on so fast;,240,1672
"In rage sent out, recall'd in rage, being past:",240,1673
"Even so his sighs, his sorrows, make a saw,",240,1674
"To push grief on, and back the same grief draw.",240,1675
"Which speechless woe of his poor she attendeth,",241,1676
And his untimely frenzy thus awaketh:,241,1677
"'Dear lord, thy sorrow to my sorrow lendeth",241,1678
Another power; no flood by raining slaketh.,241,1679
My woe too sensible thy passion maketh,241,1680
More feeling-painful: let it then suffice,241,1681
"To drown one woe, one pair of weeping eyes.",241,1682
"'And for my sake, when I might charm thee so,",242,1683
"For she that was thy Lucrece, now attend me:",242,1684
"Be suddenly revenged on my foe,",242,1685
"Thine, mine, his own: suppose thou dost defend me",242,1686
From what is past: the help that thou shalt lend me,242,1687
"Comes all too late, yet let the traitor die;",242,1688
For sparing justice feeds iniquity.,242,1689
"'But ere I name him, you fair lords,' quoth she,",243,1690
"Speaking to those that came with Collatine,",243,1691
"'Shall plight your honourable faiths to me,",243,1692
With swift pursuit to venge this wrong of mine;,243,1693
For 'tis a meritorious fair design,243,1694
To chase injustice with revengeful arms:,243,1695
"Knights, by their oaths, should right poor ladies' harms.'",243,1696
"At this request, with noble disposition",244,1697
"Each present lord began to promise aid,",244,1698
"As bound in knighthood to her imposition,",244,1699
Longing to hear the hateful foe bewray'd.,244,1700
"But she, that yet her sad task hath not said,",244,1701
"The protestation stops. 'O, speak, ' quoth she,",244,1702
'How may this forced stain be wiped from me?,244,1703
"'What is the quality of mine offence,",245,1704
Being constrain'd with dreadful circumstance?,245,1705
"May my pure mind with the foul act dispense,",245,1706
My low-declined honour to advance?,245,1707
May any terms acquit me from this chance?,245,1708
The poison'd fountain clears itself again;,245,1709
And why not I from this compelled stain?',245,1710
"With this, they all at once began to say,",246,1711
Her body's stain her mind untainted clears;,246,1712
While with a joyless smile she turns away,246,1713
"The face, that map which deep impression bears",246,1714
"Of hard misfortune, carved in it with tears.",246,1715
"'No, no,' quoth she, 'no dame, hereafter living,",246,1716
By my excuse shall claim excuse's giving.',246,1717
"Here with a sigh, as if her heart would break,",247,1718
"She throws forth Tarquin's name; 'He, he,' she says,",247,1719
But more than 'he' her poor tongue could not speak;,247,1720
"Till after many accents and delays,",247,1721
"Untimely breathings, sick and short assays,",247,1722
"She utters this, 'He, he, fair lords, 'tis he,",247,1723
That guides this hand to give this wound to me.',247,1724
Even here she sheathed in her harmless breast,248,1725
"A harmful knife, that thence her soul unsheathed:",248,1726
That blow did that it from the deep unrest,248,1727
Of that polluted prison where it breathed:,248,1728
Her contrite sighs unto the clouds bequeath'd,248,1729
"Her winged sprite, and through her wounds doth fly",248,1730
Life's lasting date from cancell'd destiny.,248,1731
"Stone-still, astonish'd with this deadly deed,",249,1732
Stood Collatine and all his lordly crew;,249,1733
"Till Lucrece' father, that beholds her bleed,",249,1734
Himself on her self-slaughter'd body threw;,249,1735
And from the purple fountain Brutus drew,249,1736
"The murderous knife, and, as it left the place,",249,1737
"Her blood, in poor revenge, held it in chase;",249,1738
"And bubbling from her breast, it doth divide",250,1739
"In two slow rivers, that the crimson blood",250,1740
"Circles her body in on every side,",250,1741
"Who, like a late-sack'd island, vastly stood",250,1742
Bare and unpeopled in this fearful flood.,250,1743
"Some of her blood still pure and red remain'd,",250,1744
"And some look'd black, and that false Tarquin stain'd.",250,1745
About the mourning and congealed face,251,1746
"Of that black blood a watery rigol goes,",251,1747
Which seems to weep upon the tainted place:,251,1748
"And ever since, as pitying Lucrece' woes,",251,1749
Corrupted blood some watery token shows;,251,1750
"And blood untainted still doth red abide,",251,1751
Blushing at that which is so putrified.,251,1752
"'Daughter, dear daughter,' old Lucretius cries,",252,1753
'That life was mine which thou hast here deprived.,252,1754
"If in the child the father's image lies,",252,1755
Where shall I live now Lucrece is unlived?,252,1756
Thou wast not to this end from me derived.,252,1757
"If children predecease progenitors,",252,1758
"We are their offspring, and they none of ours.",252,1759
"'Poor broken glass, I often did behold",253,1760
In thy sweet semblance my old age new born;,253,1761
"But now that fresh fair mirror, dim and old,",253,1762
Shows me a bare-boned death by time out-worn:,253,1763
"O, from thy cheeks my image thou hast torn,",253,1764
"And shivered all the beauty of my glass,",253,1765
That I no more can see what once I was!,253,1766
"'O time, cease thou thy course and last no longer,",254,1767
If they surcease to be that should survive.,254,1768
Shall rotten death make conquest of the stronger,254,1769
And leave the faltering feeble souls alive?,254,1770
"The old bees die, the young possess their hive:",254,1771
"Then live, sweet Lucrece, live again and see",254,1772
"Thy father die, and not thy father thee!",254,1773
"By this, starts Collatine as from a dream,",255,1774
And bids Lucretius give his sorrow place;,255,1775
And then in key-cold Lucrece' bleeding stream,255,1776
"He falls, and bathes the pale fear in his face,",255,1777
And counterfeits to die with her a space;,255,1778
Till manly shame bids him possess his breath,255,1779
And live to be revenged on her death.,255,1780
The deep vexation of his inward soul,256,1781
Hath served a dumb arrest upon his tongue;,256,1782
"Who, mad that sorrow should his use control,",256,1783
"Or keep him from heart-easing words so long,",256,1784
Begins to talk; but through his lips do throng,256,1785
"Weak words, so thick come in his poor heart's aid,",256,1786
That no man could distinguish what he said.,256,1787
"Yet sometime 'Tarquin' was pronounced plain,",257,1788
"But through his teeth, as if the name he tore.",257,1789
"This windy tempest, till it blow up rain,",257,1790
"Held back his sorrow's tide, to make it more;",257,1791
"At last it rains, and busy winds give o'er:",257,1792
Then son and father weep with equal strife,257,1793
"Who should weep most, for daughter or for wife.",257,1794
"The one doth call her his, the other his,",258,1795
Yet neither may possess the claim they lay.,258,1796
"The father says 'She's mine.' 'O, mine she is,'",258,1797
Replies her husband: 'do not take away,258,1798
My sorrow's interest; let no mourner say,258,1799
"He weeps for her, for she was only mine,",258,1800
And only must be wail'd by Collatine.',258,1801
"'O,' quoth Lucretius,' I did give that life",259,1802
Which she too early and too late hath spill'd.',259,1803
"'Woe, woe,' quoth Collatine, 'she was my wife,",259,1804
"I owed her, and 'tis mine that she hath kill'd.'",259,1805
'My daughter' and 'my wife' with clamours fill'd,259,1806
"The dispersed air, who, holding Lucrece' life,",259,1807
"Answer'd their cries, 'my daughter' and 'my wife.'",259,1808
"Brutus, who pluck'd the knife from Lucrece' side,",260,1809
"Seeing such emulation in their woe,",260,1810
"Began to clothe his wit in state and pride,",260,1811
Burying in Lucrece' wound his folly's show.,260,1812
He with the Romans was esteemed so,260,1813
"As silly-jeering idiots are with kings,",260,1814
For sportive words and uttering foolish things:,260,1815
"But now he throws that shallow habit by,",261,1816
Wherein deep policy did him disguise;,261,1817
"And arm'd his long-hid wits advisedly,",261,1818
To cheque the tears in Collatinus' eyes.,261,1819
"'Thou wronged lord of Rome,' quoth be, 'arise:",261,1820
"Let my unsounded self, supposed a fool,",261,1821
Now set thy long-experienced wit to school.,261,1822
"'Why, Collatine, is woe the cure for woe?",262,1823
"Do wounds help wounds, or grief help grievous deeds?",262,1824
Is it revenge to give thyself a blow,262,1825
For his foul act by whom thy fair wife bleeds?,262,1826
Such childish humour from weak minds proceeds:,262,1827
"Thy wretched wife mistook the matter so,",262,1828
"To slay herself, that should have slain her foe.",262,1829
"'Courageous Roman, do not steep thy heart",263,1830
In such relenting dew of lamentations;,263,1831
"But kneel with me and help to bear thy part,",263,1832
"To rouse our Roman gods with invocations,",263,1833
"That they will suffer these abominations,",263,1834
"Since Rome herself in them doth stand disgraced,",263,1835
By our strong arms from forth her fair streets chased.,263,1836
"'Now, by the Capitol that we adore,",264,1837
"And by this chaste blood so unjustly stain'd,",264,1838
By heaven's fair sun that breeds the fat earth's,264,1839
"store,",264,1840
"By all our country rights in Rome maintain'd,",264,1841
And by chaste Lucrece' soul that late complain'd,264,1842
"Her wrongs to us, and by this bloody knife,",264,1843
We will revenge the death of this true wife.',264,1844
"This said, he struck his hand upon his breast,",265,1845
"And kiss'd the fatal knife, to end his vow;",265,1846
"And to his protestation urged the rest,",265,1847
"Who, wondering at him, did his words allow:",265,1848
Then jointly to the ground their knees they bow;,265,1849
"And that deep vow, which Brutus made before,",265,1850
"He doth again repeat, and that they swore.",265,1851
"When they had sworn to this advised doom,",266,1852
They did conclude to bear dead Lucrece thence;,266,1853
"To show her bleeding body thorough Rome,",266,1854
And so to publish Tarquin's foul offence:,266,1855
"Which being done with speedy diligence,",266,1856
The Romans plausibly did give consent,266,1857
To Tarquin's everlasting banishment.,266,1858
